RPM,FileNumber,FilteredStartIndex,FilteredEndIndex,OriginalStartIndex,OriginalEndIndex,MeanPlateauTorque,MeanDCPower,MeanACPower,MeanMechanicalPower,TotalEfficiency,DCAEfficency,ACMechanicalEfficiency
500,1,22,430,1069,1477,16.3961862288476,1123.93643031785,1032.83618581907,859.905500403182,76.5083751364836,91.8945376231808,83.2567170098955
500,2,23,493,1672,2142,35.6908365408091,2353.29087048832,2172.10191082803,1876.28767160271,79.7303765179427,92.3006134969325,86.3811988861726
500,3,31,327,3022,3318,54.1082766873367,3661.58249158249,3356.46464646465,2862.74386849099,78.1832411279023,91.6670498119523,85.2904520089706
500,4,39,386,1153,1500,71.6320134087336,5015.25862068965,4573.9367816092,3793.17961693333,75.6327819523637,91.2004171178759,82.9303026702267
500,5,48,739,674,1365,88.6894813502752,6478.56936416185,5856.73410404624,4674.83572865451,72.1584576143426,90.4016577555613,79.8198389342075
500,6,55,365,580,890,104.870511907096,8027.5884244373,7218.13504823151,5590.53274987597,69.6414969763206,89.9166059168943,77.4512074451376
500,7,63,346,1381,1664,120.048750943968,9649.08450704225,8601.30281690141,6426.80958761858,66.6053819191661,89.1411284731092,74.7190248317965
500,8,70,379,1121,1430,134.45448786756,11343.064516129,10015.6774193548,7201.23957397407,63.4858380972304,88.2978088074282,71.89967560315
500,9,72,416,6722,7066,147.844544548359,13143.8550724638,11510.8405797101,7923.23628688426,60.2809163917468,87.5758330889179,68.832820957058
500,10,63,440,1293,1670,157.879710861271,14692.328042328,12792.8042328042,8473.50688433839,57.6730036242489,87.0713218214884,66.2365086664111
1000,1,25,511,1669,2155,15.8404418004939,2062.9568788501,2018.09034907598,1660.66479536542,80.4992490337985,97.8251348714988,82.2889221052859
1000,2,288,593,2722,3027,35.2442274582357,4332.1568627451,4183.23529411765,3706.70714117374,85.5626252375581,96.5624151353309,88.6086218096795
1000,3,30,385,3777,4132,53.6670617042696,6619.29775280899,6337.92134831461,5650.73339300706,85.3675662287453,95.7491502119696,89.1575184111383
1000,4,39,340,409,710,71.4161636015312,8962.38410596027,8525.92715231788,7541.19104139215,84.1426896262683,95.1301244347235,88.4500994046375
1000,5,47,391,767,1111,88.5692984303377,11375.3913043478,10746.6666666667,9354.3614441216,82.2333157062143,94.4729405709248,87.0443062418263
1000,6,55,310,906,1161,104.557315270001,13816.2890625,12957.4609375,11090.6435487937,80.2722315567049,93.7839450150835,85.5927222338477
1000,7,63,416,660,1013,119.766058858864,16267.1186440678,15158.0790960452,12674.1913859615,77.9129461294208,93.1823233586174,83.6134401044803
1000,8,70,343,1051,1324,133.83543111183,18765.7299270073,17368.3941605839,14221.4126028888,75.783956489865,92.5537894243467,81.8809872196651
1000,9,70,424,1775,2129,147.123884385918,21298.1408450704,19595.7746478873,15609.0558485926,73.2883492608012,92.0069727702213,79.6552120498866
1000,10,62,370,1001,1309,156.511233228909,23354.9514563107,21384.8220064725,16665.2037536478,71.356190933742,91.5644035761597,77.9300559462398
1500,1,354,748,2450,2844,15.4466095569948,3018.88607594937,2964.32911392405,2429.47982952178,80.476035478012,98.1928114989182,81.9571557729545
1500,2,22,366,573,917,34.6936621142952,6278.8115942029,6124.52173913043,5468.03484238092,87.0870985749826,97.5426901610662,89.281009608389
1500,3,29,334,548,853,53.0157265204059,9535.35947712418,9249.08496732026,8375.42653006819,87.8354565463554,96.9977586005991,90.5541095109521
1500,4,350,656,1418,1724,70.623190882156,12818.0456026059,12360.8469055375,11174.2419415046,87.1758635281571,96.4331637502096,90.4002939838915
1500,5,46,369,706,1029,87.7557781810069,16179.6296296296,15517.3456790123,13901.016856929,85.9167803907712,95.9066804013582,89.5837287154758
1500,6,54,350,839,1135,103.825559961489,19498.1481481481,18621.4478114478,16478.8793327883,84.5150996267992,95.5036738358991,88.4940821983652
1500,7,62,320,779,1037,118.942856754748,22820.6177606178,21671.8918918919,18925.2562558485,82.9305168438882,94.9662805767324,87.3262765902268
1500,8,69,394,486,811,133.103731901555,26081.3496932515,24640.8588957055,21147.3786068315,81.0823782340654,94.4769315450008,85.8224086114023
1500,9,70,289,779,998,146.102321526654,29438,27670.9545454545,23365.3247780232,79.3713050411821,93.9973997739471,84.4398943290569
1500,10,61,250,1152,1341,154.1631895179,31840.0526315789,29839.6842105263,24758.2674960041,77.7582492795532,93.7174462486011,82.9709433964798
2000,1,21,478,688,1145,14.3758037642905,3782.79475982533,3753.53711790393,3013.67542494422,79.6679602327507,99.2265601551497,80.2889469393907
2000,2,21,465,798,1242,32.8264915059655,7863.23595505618,7730.69662921348,6888.66398119214,87.605968084458,98.3144429774173,89.1079331086491
2000,3,28,524,800,1296,50.3665996579451,11895.1509054326,11619.8390342052,10576.8386192523,88.9172294100258,97.6855117399004,91.0239684742388
2000,4,36,473,990,1427,67.0956371587615,15910.0913242009,15475.0228310502,14107.726093053,88.6715594874915,97.2654557143308,91.164492919172
2000,5,45,397,693,1045,83.5192097633373,19979.5184135977,19308.1586402266,17593.3783055144,88.0570689508742,96.6397599808302,91.1188820919479
2000,6,53,440,914,1301,98.9787722433264,23952.3195876289,23132.2422680412,20855.7499665116,87.0719426158768,96.5762091784581,90.1587910279033
2000,7,60,420,787,1147,113.542085703496,27891.0249307479,26766.675900277,23946.5152070634,85.857422832332,95.9687783677272,89.4639113810003
2000,8,68,370,716,1018,127.273210748285,31778.9438943894,30375.1155115512,26903.7759207261,84.6591252690305,95.5825203395569,88.571764971544
2000,9,70,438,811,1179,140.173427551714,35610.8672086721,33950.7859078591,29609.249086494,83.1466667548142,95.3382733111067,87.2122641486185
2000,10,61,417,2213,2569,149.43322661086,38602.9691876751,36678.9635854342,31606.360847873,81.8754658332451,95.0159129136233,86.1702669822013
2500,1,19,504,1152,1637,11.8296218809554,4002.57201646091,3954.69135802469,3097.98822057605,77.3999370363685,98.8037527310114,78.3370417590172
2500,2,20,445,335,760,28.1193578491652,8454.20187793427,8318.87323943662,7369.49675534433,87.1696330623348,98.3992736339682,88.5876794036041
2500,3,26,440,505,919,43.5830072224234,12785.9277108434,12546.6746987952,11435.1419523645,89.4353715348061,98.1287786271051,91.1408180006658
2500,4,35,409,486,860,58.5935545105704,17118.8,16752.5066666667,15388.0094584808,89.889533486464,97.8602861571294,91.8549669292126
2500,5,43,518,575,1050,73.2624093523874,21472.3529411765,20943.9495798319,19237.6829105858,89.5928031887676,97.5391455105451,91.8531761989668
2500,6,51,476,899,1324,87.3927520733631,25784.5305164319,25065.7981220657,22968.5390101511,89.0787559444364,97.2125441884305,91.6329849075567
2500,7,60,437,878,1255,100.900051054003,30037.4338624339,29122.8571428571,26545.6240052948,88.3751392574648,96.9552102094829,91.1504797591797
2500,8,67,580,894,1407,113.49772465212,34132.8793774319,33016.7898832685,29830.3128349407,87.39465693792,96.7301630729069,90.3489192632183
2500,9,72,397,545,870,125.530802328252,38261.3190184049,36928.7423312883,33085.4465858414,86.4723105074507,96.5171700262723,89.5926709039569
2500,10,60,370,996,1306,133.821544410058,41311.2861736334,39753.0225080386,35307.8778180899,85.4678735241723,96.2279952770161,88.8180963119224
3000,1,20,328,343,651,9.85019085746063,4174.59546925566,4109.28802588997,3095.77141606874,74.1573989352487,98.4355982790031,75.335955926289
3000,2,19,431,249,661,24.2021104214477,8843.8014527845,8702.15496368039,7609.08461923459,86.0386187982414,98.3983529044569,87.4390843531531
3000,3,25,480,359,814,37.9241442799903,13392.8070175439,13160.1315789474,11932.7167718539,89.0979520291953,98.2626835562426,90.673233016477
3000,4,33,384,473,824,51.1751483666912,17897.2727272727,17553.125,16119.0164811659,90.0640937130212,98.0770940214355,91.8298962786734
3000,5,41,471,273,703,64.4114976019579,22461.1600928074,22009.5127610209,20286.5187604803,90.3182145386002,97.9892074589185,92.1715940773025
3000,6,50,429,815,1194,76.9932758927013,26928.8421052632,26324.0263157895,24269.4485026583,90.1243670551838,97.7540222965789,92.1950472603089
3000,7,58,454,452,848,89.4543494083032,31420.604534005,30702.3677581864,28197.5760770839,89.7423092116736,97.7141217157635,91.8416986571514
3000,8,66,405,801,1140,101.197153252542,35785.7058823529,34856.4705882353,31938.2012799667,89.2484876083341,97.4033338976949,91.627754448399
3000,9,73,366,640,933,112.41239769644,40071.2585034014,38908.0272108844,35515.8693473429,88.631779169921,97.0970931885799,91.2815989226189
3000,10,67,373,907,1213,121.028404827481,43535.1791530945,42302.2801302932,38253.0164007883,87.8669093476541,97.1680396249991,90.4277884855546
3500,1,18,319,818,1119,8.19876089730976,4244.70198675497,4183.04635761589,3006.30807245259,70.8249502988286,98.5474686012949,71.8688681749639
3500,2,18,416,138,536,21.0698009334446,9096.06516290727,8972.40601503759,7725.33612719337,84.9305275285012,98.6405204266352,86.1010537669143
3500,3,24,364,1031,1371,33.3775231892368,13832.6979472141,13627.0381231672,12252.9416288248,88.5795502481316,98.5132341873456,89.9163964911325
3500,4,31,352,883,1204,45.4504858161919,18525.9627329193,18225.0931677019,16693.6739403103,90.1096163312847,98.3759571928601,91.5971939715212
3500,5,40,360,900,1220,57.411512266439,23285.5451713396,22957.7881619938,21097.1775677749,90.6020340624957,98.5924443386054,91.8955145805419
3500,6,48,378,1931,2261,69.0262292162703,27949.1238670695,27428.5196374622,25373.293956274,90.7838616943895,98.1373146718898,92.506975555541
3500,7,56,467,752,1163,80.5039202354237,32650.6553398058,32000.3398058252,29582.3296277879,90.6025601015205,98.008261925488,92.4437984324241
3500,8,64,431,1072,1439,91.5155228770744,37258.3152173913,36475.9239130435,33651.5206376007,90.3194909411604,97.9000894168649,92.2568012747916
3500,9,72,450,863,1241,102.139312280798,41786.7546174142,40813.6939313984,37565.4395350189,89.8979590038894,97.6713657355666,92.0412634008592
3500,10,74,492,2228,2646,111.006774172478,45682.2673031026,44591.6229116945,40823.5274515774,89.3640571312115,97.6125432125081,91.5497682881398
4000,1,19,293,876,1150,6.85518013227783,4325.49090909091,4268.47272727273,2872.89429316597,66.4177628284455,98.6818101571235,67.3049701081624
4000,2,17,288,495,766,18.7740692306244,9403.52941176471,9296.69117647059,7871.4706553188,83.7076198801574,98.8638496184161,84.6695937931235
4000,3,22,337,1316,1631,30.1747915040323,14358.6075949367,14185.7278481013,12656.6408274064,88.1467143922053,98.7959852952844,89.2209477224705
4000,4,30,375,1203,1548,41.3751006843594,19286.5028901734,19036.5895953757,17359.7992679912,90.0100934153081,98.7042062720193,91.1917503973933
4000,5,38,324,1488,1774,52.4549315753168,24234.9128919861,23892.1951219512,22024.3990729155,90.8788043558367,98.5858510341575,92.1824008237749
4000,6,47,365,1913,2231,63.3097718809001,29163.7931034483,28715.078369906,26586.0386873097,91.1611140327498,98.4613978985838,92.5856386140755
4000,7,55,369,1204,1518,74.0698527917905,34092.1587301587,33527.6825396825,31112.872027771,91.2610793409449,98.344263867407,92.7975621069146
4000,8,63,476,894,1307,84.3863175596912,38941.2801932367,38241.3043478261,35434.272393058,90.9941127184931,98.2024837346457,92.6596856392854
4000,9,71,423,1422,1774,94.6542101234991,43784.5609065156,43018.3569405099,39757.2442033513,90.801970786545,98.2500590387521,92.4192531535585
4000,10,76,364,1259,1547,103.084381649266,47898.2352941177,47007.8546712803,43351.2169524316,90.5069188587737,98.1410993173965,92.2212197420642
4500,1,17,337,1682,2002,5.93110534104834,4379.1277258567,4333.83177570093,2793.7590099821,63.7971574449922,98.9656398947144,64.4639467929106
4500,2,17,382,878,1243,16.7656533007304,9561.88524590164,9466.28415300546,7904.67236234552,82.6685549874547,99.000185732859,83.503434236504
4500,3,20,413,1096,1489,27.1366439086287,14633.1725888325,14484.1624365482,12799.3515689634,87.4680558249644,98.9816962016974,88.3679096049523
4500,4,28,364,1115,1451,37.394854081254,19683.056379822,19467.4777448071,17645.7732803196,89.6495591935055,98.9047502031451,90.6423190083086
4500,5,37,394,1153,1510,47.6945652641067,24786.4525139665,24491.2290502793,22502.4380953706,90.7852306928193,98.8089321635648,91.8795788042084
4500,6,45,372,1345,1672,57.7513625284196,29849.9695121951,29534.4207317073,27266.439083844,91.3449478489562,98.9428840777915,92.3208866411641
4500,7,54,364,225,535,67.8182043244635,35003.9549839228,34538.1350482315,32033.9231756012,91.5151536171105,98.6692362737146,92.7494293796313
4500,8,62,425,463,826,77.5452188841241,39981.3461538462,39459.4505494506,36615.1902184278,91.5806838457475,98.6946522451061,92.791941369132
4500,9,69,450,554,935,87.103430087373,44935.3926701571,44304.5287958115,41127.9830753257,91.5269248390035,98.5960646233219,92.8302008692482
4500,10,75,437,891,1253,95.1936321249285,49227.3553719008,48468.2920110193,44976.8346231201,91.3655309803482,98.4580456229123,92.7964092749434
5000,1,18,440,589,1011,5.1827686734577,4471.11111111111,4446.28841607565,2714.75134993526,60.7175997748939,99.4448204390677,61.0565733909661
5000,2,16,444,515,943,14.903037998781,9643.42657342657,9580.16317016317,7807.33972464709,80.9602236839859,99.3439738169653,81.4948512459847
5000,3,19,503,520,1004,24.2879935832516,14691.3402061856,14584.4948453608,12724.9233626391,86.6151296209279,99.2727323761807,87.2496682097069
5000,4,26,432,230,636,33.6176083253552,19750.3194103194,19598.9189189189,17619.4063688249,89.2107413696755,99.2334276309406,89.8998890791715
5000,5,35,523,524,1012,42.9590784774145,24834.5603271984,24624.3353783231,22514.5920105367,90.6583072698056,99.1534984066337,91.432283002271
5000,6,43,516,374,847,52.0731794807992,29883.9662447257,29611.5400843882,27297.6908439836,91.3456086131184,99.0883868690434,92.185988186327
5000,7,52,488,557,993,61.2258594234795,34975.4919908467,34695.0800915332,32103.5755121248,91.7887746097369,99.1982617445756,92.5306280528208
5000,8,60,528,588,1056,70.0064903006106,39904.1791044776,39457.6332622601,36710.8700725518,91.9975573897535,98.8809546963782,93.0387026219956
5000,9,68,444,623,999,78.7478903154441,44908.673740053,44361.1671087533,41313.961548359,91.9955057846921,98.7808443543248,93.1309166124418
5000,10,75,471,941,1337,86.2825948551695,49219.3198992443,48702.5692695214,45250.5749421438,91.9366115476101,98.95010611528,92.9120898976106
5500,1,239,312,721,794,5.38008116419997,5020.81081081081,5005.81081081081,3097.90882367274,61.7013653850953,99.7012434731119,61.8862546099892
5500,2,16,427,336,747,14.6974026343827,10464.6359223301,10410.2669902913,8466.95136337565,80.9101379753531,99.4804508017062,81.3327013732888
5500,3,19,499,512,992,23.8427051014388,15851.185031185,15773.0353430353,13740.6273130411,86.6851739223807,99.5069788915091,87.1146676223506
5500,4,26,425,897,1296,32.9755327218559,21254.625,21131.275,19004.6423680881,89.4141504170883,99.4196557219899,89.9360893655875
5500,5,35,485,465,915,42.1264376778587,26764.5898004435,26601.1529933481,24285.8916492852,90.7388898180792,99.3893543360316,91.2963872481699
5500,6,42,462,501,921,51.0657932506985,32157.4346793349,31944.5368171021,29444.9840466577,91.56509012698,99.3379513498022,92.1753356927492
5500,7,52,530,485,963,59.9133887901619,37550.8977035491,37359.248434238,34545.947419092,91.9976605934164,99.4896279955167,92.4695995421372
5500,8,54,581,384,911,67.9693027878095,42567.8598484848,42244.071969697,39193.4349440964,92.0728340198468,99.2393606821194,92.7785441048655
5500,9,55,618,492,1055,68.6672596227193,42980.5141843972,42647.7482269504,39592.6962997367,92.1177818624367,99.2257748336393,92.8365457633163
5500,10,54,574,525,1045,68.6014462106652,42918.4452975048,42596.3723608445,39558.2997726771,92.1708591689758,99.2495698890589,92.8677668548129
