Date                ,Time               ,,,,,,,,,,,
01/10/2026,15:27:36,,,,,,,,,,,
TimeStamp (ms),     Analog Input 2      ,Mot 1 Speed meas (RPM),Mot 1 Torque meas (%),Mot 1 DAxis current (dA),Mot 1 QAxis current (dA),Mot 1 Temp (dC)     ,Inv 1 Current (dA)  ,Inv 1 Line to Line Phase volt. (dV),Inv 1 Mod depht (%) ,Inv 1 Freq (dHz)    ,Inv 1 Temp (dC)     ,Mot1 Sin Cos Angle  
79,6,0,0,0,0,238,0,0,0,0,181,-3789
417,4,0,0,0,0,239,0,0,0,0,181,-3796
707,6,0,0,0,0,238,0,0,0,0,181,-3789
1053,6,0,0,0,0,239,0,0,0,0,181,-3796
1354,6,0,0,0,0,239,0,0,0,0,181,-3785
1700,6,0,0,0,0,238,0,0,0,0,181,-3795
2075,4,39,0,0,0,239,0,0,0,0,180,12688
2384,3,218,0,0,0,239,0,0,0,0,181,-4787
2739,8,405,0,1,-1,239,13,65,7,375,181,-17785
3104,7,564,0,9,-10,238,28,97,11,524,180,-11449
3409,5,730,0,-6,-3,239,21,120,14,641,181,-1617
3752,5,886,0,6,2,239,28,149,17,799,180,1525
4139,2,1076,0,-8,5,239,7,177,20,955,180,517
4454,7,1252,0,-5,6,239,48,196,22,1072,180,503
4780,4,1395,0,4,10,239,42,223,25,1223,181,-12571
5085,6,1569,0,4,0,239,58,245,28,1347,180,-17995
5432,6,1724,0,1,0,238,16,269,30,1487,180,2843
5714,7,1884,0,-1,-1,238,17,291,33,1602,181,-12424
6051,4,2036,0,7,-11,238,8,316,36,1751,181,9325
6351,7,2203,0,-18,1,239,0,337,38,1871,180,16928
6684,6,2354,0,6,-12,238,8,363,41,2017,180,-11122
6985,5,2522,0,-17,13,239,71,385,43,2135,180,-102
7330,3,2675,0,2,-14,239,15,409,46,2281,180,13391
7622,4,2839,0,6,0,239,42,431,49,2396,181,6397
7952,5,2990,0,-5,-5,240,41,456,51,2546,180,-12374
8256,9,3158,0,-9,4,240,45,476,54,2666,180,-16875
8593,6,3310,0,13,-10,240,119,502,56,2812,180,-12832
8898,4,3480,0,1,6,240,54,522,59,2936,181,-4901
9247,4,3635,0,-34,-2,240,119,548,62,3082,180,5279
9546,5,3802,0,-14,6,240,50,569,64,3205,180,-6127
9888,5,3954,0,29,-23,241,42,594,67,3353,180,-8313
10198,7,4129,0,5,-4,241,81,616,70,3479,181,-2838
10549,7,4290,0,-43,-32,241,34,645,72,3623,180,14242
10842,9,4453,0,45,19,242,23,667,75,3741,180,-2889
11201,6,4616,0,-12,17,243,100,695,78,3901,180,14708
11509,6,4785,0,-37,0,243,105,718,80,4014,180,17216
11858,5,4819,0,-52,-8,242,201,719,81,4021,180,5860
12168,4216,4875,24,47,1168,242,1568,783,88,4093,180,12962
12533,4538,4958,61,-65,3184,243,2858,806,93,4145,180,-8601
12891,4530,5014,91,114,4892,243,3656,820,93,4193,180,6840
13212,4514,5056,91,-1,4884,244,3437,830,95,4215,180,914
13552,4504,5084,91,6,4812,244,3558,827,94,4249,181,12441
13854,4504,5122,91,-80,4905,245,3533,830,95,4273,180,7214
14208,4500,5155,91,214,4807,246,3697,843,98,4303,180,-7865
14505,4494,5188,91,90,4798,246,3292,833,94,4330,180,6311
14844,4486,5217,91,-117,4763,246,3634,841,97,4358,180,16320
15121,4478,5250,90,-127,4854,247,3408,852,97,4378,181,6007
15468,4472,5276,90,23,4798,248,3647,861,98,4403,181,3920
15768,4458,5298,90,-200,4809,248,3323,866,98,4419,181,-14986
16113,4453,5325,90,-145,4800,249,3221,864,100,4439,181,16519
16423,4437,5343,90,63,4702,250,3677,865,100,4454,181,-12563
16766,4422,5361,89,140,4747,251,3581,873,100,4475,182,-10357
17071,4402,5381,89,-224,4768,251,3271,867,100,4490,182,14893
17423,4387,5402,89,-302,4748,252,3118,856,98,4503,183,13228
17725,4482,5154,90,-43,4890,253,3674,816,93,4192,183,-2733
18063,4623,4684,93,38,5271,254,3852,759,86,3740,184,-12081
18364,4786,4191,97,-36,6048,254,4420,704,79,3380,184,-4938
18713,4536,3720,91,-255,6311,255,4500,627,69,2939,185,12844
19016,4204,3294,85,97,6258,257,4339,582,66,2679,185,-8355
19362,3954,3031,80,-17,6243,257,4365,532,60,2414,186,145
19669,3625,2681,73,-10,6233,259,4464,477,55,2115,187,5756
20049,3338,2378,67,16,6225,259,4330,440,49,1920,187,-336
20408,3164,2178,64,-50,6210,260,4322,416,47,1787,188,-10885
20726,3150,2197,64,200,6285,260,4423,429,49,1852,188,-9563
21082,3165,2206,64,-59,6172,261,4439,420,47,1822,189,15915
21463,3174,2237,64,6,6206,262,4434,423,47,1833,190,11897
21777,3157,2202,64,50,6106,264,4345,439,50,1895,191,-7270
22138,3283,2374,66,40,6140,265,4420,457,52,2016,192,14747
22472,3405,2513,69,16,6139,266,4291,484,55,2146,192,-352
22772,3544,2667,72,43,6160,268,4219,505,58,2251,193,9519
23114,3674,2805,74,20,6144,269,4412,528,60,2386,194,-3665
23419,3819,2952,77,-130,6082,270,4612,550,63,2491,195,16273
23756,3938,3087,79,-33,6186,272,4314,571,65,2616,196,-2658
24067,4066,3228,82,-72,6131,274,4018,589,68,2716,196,1544
24404,4176,3346,84,-12,6159,276,4366,610,69,2835,197,10964
24704,4297,3479,87,-6,6183,278,4521,634,72,2931,198,-2051
25048,4391,3605,89,168,6287,280,4267,648,73,3043,199,-13060
25348,4492,3724,91,305,6269,282,4206,659,76,3107,200,14701
25677,4467,3668,90,19,6136,283,4746,647,73,3092,200,-15551
25979,4511,3749,91,243,6256,286,4470,649,73,3106,201,2
26323,4411,3574,89,180,6232,289,4209,629,71,2954,202,-12799
26629,4411,3615,89,318,6302,291,4453,635,72,3025,203,603
26950,4415,3602,89,-71,6243,293,4311,642,72,3011,204,10140
27249,4430,3629,89,305,6294,295,4745,642,73,3048,204,14791
27595,4498,3737,91,40,6264,298,4469,673,77,3145,205,15168
27889,4557,3809,92,201,6282,300,4453,673,75,3199,206,9224
28253,4623,3884,93,35,6286,303,4496,688,79,3243,207,-1321
28632,4658,3937,94,155,6285,305,4180,691,79,3271,208,-15757
28944,4654,3919,94,-5,6232,308,4313,695,78,3280,208,-8865
29288,4688,3969,95,133,6292,310,4249,703,82,3348,209,6091
29588,4774,4087,96,201,6208,312,4706,724,83,3431,209,5924
29946,4821,4198,97,-68,6201,315,4526,734,85,3537,210,-15950
30332,4781,4323,97,21,6024,318,4294,760,84,3634,211,10205
30639,4738,4420,96,-7,6069,323,4274,773,87,3697,211,-6687
30899,4713,4490,95,146,5868,325,3991,769,87,3760,212,-12829
31224,4689,4562,95,67,5706,326,3929,780,88,3829,213,-14309
31515,4656,4641,94,44,5492,329,3815,776,87,3883,213,4488
31857,4630,4713,93,64,5392,332,4260,791,91,3949,214,-12461
32155,4606,4783,93,-68,5342,335,3574,793,90,3997,214,926
32494,4643,4645,94,79,5414,337,3770,764,86,3752,215,14170
32787,4735,4376,96,-38,5767,342,4151,765,88,3652,216,11935
33141,4773,4311,96,9,5996,344,4213,730,83,3493,216,-17465
33441,4760,4041,96,108,6293,348,4489,696,81,3304,217,-3284
33802,4672,3926,94,47,6252,350,4277,690,77,3265,217,-12457
34164,4640,3897,94,84,6281,353,4547,682,78,3217,217,98
34470,4590,3827,93,53,6274,357,4637,676,77,3181,218,-8695
34823,4574,3812,92,-139,6344,359,4308,675,77,3200,218,13750
35122,4556,3784,92,-41,6281,362,4525,666,77,3157,218,-7344
35466,4568,3809,92,125,6190,365,4584,681,78,3180,219,-17298
35770,4618,3897,93,-46,6293,368,4585,691,80,3269,219,-10418
36117,4717,4025,95,99,6310,371,4628,713,81,3376,220,-14361
36487,4813,4140,97,-66,6216,374,4730,728,82,3484,220,-13555
36795,4813,4248,97,27,6156,377,4100,741,83,3563,220,-400
37139,4776,4344,96,-74,5844,381,4082,755,87,3653,220,-5950
37454,4736,4442,96,-63,5803,384,4243,754,87,3723,221,-12996
37811,4698,4527,95,-38,5615,387,3763,770,88,3800,221,-2681
38197,4663,4620,94,70,5550,391,4058,780,89,3879,222,14708
38504,4637,4699,94,163,5464,394,3516,794,91,3933,222,-15231
38868,4613,4770,93,11,5272,398,3645,793,89,3998,222,-3836
39176,4585,4838,93,-41,5212,401,3749,800,90,4042,223,2950
39493,4566,4888,92,115,5050,404,3948,802,90,4092,223,1859
39793,4552,4918,92,-45,5137,408,3373,797,87,4034,223,-10169
40134,4639,4652,94,63,5336,410,3969,771,87,3791,224,10391
40429,4733,4398,95,135,5783,415,4409,738,83,3624,223,-967
40767,4759,4364,96,151,5894,418,4136,766,86,3669,224,-400
41073,4734,4420,96,148,6172,421,4207,748,85,3700,224,-15691
41416,4760,4341,96,-90,5955,426,3859,738,85,3585,225,11389
41783,4793,4276,97,47,6016,428,4311,746,86,3569,225,-14585
42101,4792,4270,97,59,6040,432,4139,744,83,3583,225,51
42456,4768,4359,96,106,5902,435,4213,745,86,3663,225,-17352
42767,4740,4444,96,-67,5780,438,4204,752,85,3723,225,10555
43128,4704,4532,95,-126,5719,441,3991,768,87,3802,225,-17617
43431,4717,4445,95,34,5666,445,4105,742,84,3625,225,5834
43783,4812,4153,97,-21,6240,448,4517,699,80,3330,225,7239
44087,4547,3722,92,-40,6268,452,4274,628,72,2949,226,-6681
44456,4187,3288,84,-86,6157,457,4270,579,66,2661,226,15935
44817,3923,2985,79,70,6272,460,4371,526,61,2386,226,16525
45116,3629,2685,73,63,6249,464,4436,488,55,2179,226,6617
45456,3419,2460,69,-49,6211,467,4431,461,53,2039,226,11172
45755,3280,2314,66,-24,6228,470,4270,435,49,1885,226,-17312
46112,3211,2257,65,-11,6195,473,4558,444,50,1925,226,-8338
46424,3162,2196,64,-47,6143,477,4288,411,47,1782,227,141
46775,3007,1991,61,65,6153,481,4255,392,44,1656,227,15574
47144,2974,1941,60,-35,6142,484,4431,379,43,1592,227,15339
47453,2971,1945,60,-39,6161,487,4325,384,44,1618,227,-6329
47808,3008,2038,61,-12,6135,491,4361,408,46,1744,228,7738
48100,3128,2189,63,17,6162,493,4289,430,49,1858,228,17140
48433,3245,2333,65,-17,6132,496,4487,455,52,1994,228,13326
48737,3377,2481,68,4,6118,500,4318,472,54,2086,228,-17302
49080,3481,2597,70,71,6178,503,4234,497,56,2216,229,4185
49381,3618,2747,73,82,6137,507,4399,515,58,2323,229,-14335
49720,3751,2881,76,70,6180,511,4474,539,61,2450,229,-8859
50028,3892,3031,79,-5,6201,514,4318,558,63,2561,229,-14011
50386,4011,3165,81,-53,6144,518,4308,587,67,2682,230,-17736
50693,4135,3304,83,-55,6114,522,4163,600,67,2785,230,6152
51037,4244,3431,86,-60,6214,525,4375,624,71,2905,230,42
51339,4371,3568,88,-194,6261,529,4583,646,73,2999,231,4434
51687,4453,3688,90,-418,6288,532,4313,669,77,3111,231,-3058
51997,4552,3810,92,56,6264,536,4365,680,78,3216,231,12012
52350,4652,3939,94,69,6169,539,4595,702,81,3304,231,633
52711,4744,4053,96,-167,6258,542,4637,718,81,3414,232,11143
53009,4822,4147,97,47,6273,546,4706,720,82,3459,232,-10645
53367,4822,4212,97,-55,6214,549,4419,736,84,3544,232,9513
53674,4787,4317,97,-32,6061,552,4013,744,85,3621,232,12149
54028,4745,4424,96,-87,5773,556,3863,760,86,3703,233,-6144
54402,4709,4510,95,79,5809,560,3930,771,86,3789,233,-7978
54719,4676,4600,94,25,5664,564,3808,782,90,3851,233,-17968
55072,4646,4673,94,-21,5458,567,3447,787,90,3917,234,-4531
55377,4618,4747,93,-13,5318,570,3733,786,89,3971,234,-17193
55724,4598,4807,93,38,5228,573,3438,803,93,4026,234,-14969
56029,4568,4871,92,-17,5123,577,3767,810,94,4069,234,4539
56379,4551,4924,92,60,5044,581,3211,806,91,4093,235,16309
56665,4621,4677,93,-25,5292,584,4255,770,88,3814,235,-16469
56990,4754,4331,96,-17,5928,588,4151,720,83,3467,235,-12996
57294,4671,3898,94,-56,6240,591,4489,674,78,3160,235,-6616
57635,4406,3547,89,33,6289,594,4602,611,70,2845,235,-14150
57940,4119,3209,83,35,6179,598,4039,564,64,2600,235,-15593
58285,3843,2906,77,-42,6158,601,4511,515,58,2331,235,1555
58586,3603,2677,73,-102,6174,604,4559,486,55,2181,235,-4849
58932,3432,2487,69,14,6215,607,4381,461,52,2023,235,-15935
59237,3271,2301,66,19,6181,610,4402,437,49,1892,235,5110
59572,3171,2200,64,-19,6196,613,4283,424,48,1818,235,13972
59876,3091,2103,62,-11,6150,616,4351,405,46,1733,235,-3607
60215,3050,2072,62,-17,6114,619,4207,404,46,1724,235,4807
60567,3086,2131,62,4,6123,623,4356,408,47,1760,236,3224
60875,3135,2192,63,139,6172,624,4480,426,48,1857,235,-6384
61226,3220,2314,65,12,6140,627,4275,435,49,1899,236,-3092
61532,3258,2339,66,-77,6115,631,4255,454,51,1981,236,11705
61879,3379,2484,68,12,6180,634,4334,479,55,2125,236,-11242
62192,3521,2643,71,-19,6151,637,4396,502,56,2238,236,4982
62540,3652,2783,74,-5,6152,641,4388,528,60,2370,236,-910
62919,3820,2952,77,-68,6161,645,4136,551,62,2509,236,17032
63228,3948,3095,80,16,6142,648,4266,568,64,2611,237,9237
63577,4068,3230,82,-19,6125,652,4418,593,67,2734,237,-7984
63890,4197,3373,85,-28,6191,656,4414,609,70,2835,237,11051
64238,4307,3494,87,24,6161,659,4395,631,73,2955,237,-287
64548,4415,3629,89,244,6219,663,4219,656,75,3044,237,3497
64888,4516,3758,91,118,6202,666,4582,670,77,3160,237,-6034
65174,4589,3861,93,101,6314,668,4412,686,79,3237,238,9352
65512,4684,3987,95,-131,6270,672,4409,702,79,3342,238,5786
65794,4764,4080,96,-128,6259,675,4742,717,81,3419,238,-9427
66134,4823,4182,97,-58,6309,678,4890,729,81,3524,238,14739
66432,4790,4287,97,160,6196,681,4375,734,84,3592,238,13722
66775,4760,4379,96,34,5863,684,4281,761,86,3680,239,7841
67074,4716,4470,95,44,5714,688,4205,760,89,3739,239,-2919
67403,4696,4546,95,63,5556,692,3872,777,88,3817,239,-6325
67708,4661,4631,94,-72,5573,695,3945,782,90,3873,239,-10364
68053,4635,4701,94,85,5413,698,4266,789,91,3941,240,16222
68356,4612,4771,93,-131,5252,702,3642,795,90,3988,240,2897
68700,4583,4840,93,-27,5269,706,3697,790,90,4042,240,-13586
68984,4641,4641,94,-116,5443,708,4077,750,83,3697,239,1398
69348,4784,4130,96,0,6149,711,4162,701,79,3321,240,-9636
69716,4513,3689,91,-325,6333,716,4474,624,71,2948,240,-15823
70022,4221,3323,85,-27,6256,719,4495,576,65,2686,240,10419
70375,3933,2998,79,122,6283,723,4243,543,62,2441,240,455
70687,3734,2801,75,-14,6206,726,4289,507,58,2280,241,-2315
71044,3529,2593,71,-18,6173,729,4506,465,53,2063,240,14869
71350,3374,2446,68,-91,6177,732,4407,454,51,1991,241,-5130
71703,3260,2317,66,-6,6184,735,4346,430,49,1883,240,-4181
72073,3157,2189,64,-203,6118,740,4254,429,48,1839,241,-7373
72385,3145,2194,63,-67,6153,743,4424,431,49,1864,241,371
72756,3217,2286,65,-63,6145,746,4186,446,51,1940,240,5586
73121,3346,2444,68,-95,6141,748,4579,475,54,2086,241,6296
73422,3484,2600,70,10,6202,751,4551,493,56,2200,241,-10731
73756,3606,2734,73,36,6173,754,4404,518,59,2327,241,-8735
74057,3658,2780,74,53,6130,758,4392,496,56,2221,241,-4729
74400,3344,2379,67,-30,6184,761,4446,439,50,1922,241,419
74767,3137,2154,63,-39,6188,764,4371,400,45,1711,241,-7184
75076,2977,1906,60,-24,6182,767,4426,368,42,1534,241,-12755
75426,2908,1717,59,57,6232,770,4367,338,38,1377,242,9854
75733,2877,1637,58,-20,6161,773,4342,333,38,1344,242,16618
76076,2874,1634,58,11,6153,775,4316,334,38,1354,242,-2766
76378,2885,1679,58,-21,6177,778,4525,350,39,1428,242,15554
76720,2922,1822,59,-33,6232,781,4456,375,43,1568,242,-2025
77017,2969,1972,60,-39,6134,785,4405,389,44,1652,242,-11977
77351,3012,2049,61,8,6096,788,4334,410,47,1757,243,-14077
77657,3139,2207,63,-141,6181,791,4298,433,49,1872,243,-1395
77987,3257,2346,66,-15,6134,793,4346,455,52,2008,243,2035
78290,3392,2502,68,-17,6126,796,4284,477,54,2111,243,4112
78635,3517,2637,71,20,6138,799,4366,501,57,2245,243,891
78940,3646,2775,74,49,6166,802,4315,522,60,2344,243,4944
79289,3782,2917,76,-190,6040,805,4284,548,63,2478,243,13247
79593,3920,3059,79,50,6202,809,4262,566,64,2583,244,4406
79949,4057,3217,82,36,6179,812,4400,589,69,2706,244,13488
80318,4175,3344,84,42,6160,815,4219,611,69,2835,244,4852
80633,4303,3483,87,-13,6208,819,4571,633,73,2933,244,-11927
80985,4399,3608,89,40,6190,822,4514,651,75,3053,244,1783
81300,4497,3744,91,-120,6256,826,4289,671,77,3165,244,-11332
81669,4599,3877,93,-84,6183,829,4310,687,77,3255,245,-9121
82023,4616,3861,93,-82,6170,832,4473,665,75,3140,245,5406
82317,4528,3753,91,-150,6291,836,4485,665,75,3155,245,10806
82659,4593,3855,93,157,6237,838,4342,686,78,3235,245,1720
82959,4651,3933,94,75,6232,841,4210,686,77,3242,245,-13082
83301,4550,3763,92,-100,6310,844,4594,646,74,3060,246,-3123
83609,4429,3610,89,-149,6317,848,4445,642,72,3025,246,9558
83946,4456,3671,90,-39,6252,852,4554,646,75,3065,246,5094
84251,4498,3729,91,204,6195,856,4414,666,76,3095,246,-1169
84620,4468,3673,90,174,6198,859,4168,660,74,3050,246,13659
84961,4429,3626,89,-30,6267,861,4426,647,73,3000,246,9690
85276,4410,3600,89,-214,6288,866,4926,647,73,3000,246,-14955
85611,4421,3621,89,112,6296,868,4735,641,72,3060,247,11456
85915,4413,3599,89,112,6199,872,4743,638,72,3014,246,-3929
86262,4404,3586,89,-265,6254,875,4525,634,74,2980,247,-13295
86573,4396,3576,89,-214,6249,879,4349,645,73,3007,247,5155
86918,4463,3692,90,-73,6354,882,4238,668,76,3100,247,-12339
87289,4531,3778,91,34,6251,885,4448,666,77,3144,247,-11858
87597,4538,3781,92,91,6229,888,4629,662,75,3110,247,-7009
87947,4515,3754,91,-149,6273,891,4330,668,75,3154,248,-11444
88319,4596,3871,93,-180,6239,894,4390,694,80,3262,248,17050
88635,4655,3922,94,76,6254,898,4287,690,79,3245,248,-14715
88981,4666,3947,94,111,6287,901,4171,703,82,3330,248,9706
89286,4755,4067,96,55,6248,904,4356,719,83,3413,248,7302
89628,4824,4177,97,-92,6254,907,4536,728,83,3513,248,-6765
89928,4797,4283,97,-25,6043,910,4332,740,84,3591,248,-10646
90266,4758,4371,96,-141,6167,913,4097,742,87,3674,248,12179
90571,4727,4468,95,-196,5897,917,4187,761,88,3739,249,16378
90883,4699,4538,95,-30,5670,920,4471,775,89,3805,249,1579
91168,4665,4618,94,-217,5605,921,4144,775,87,3864,249,-6466
91502,4643,4688,94,88,5482,924,4239,788,89,3929,249,-13374
91804,4615,4756,93,7,5344,927,4274,787,90,3976,249,16971
92131,4593,4812,93,30,5253,930,3601,798,89,4032,249,3631
92436,4563,4879,92,72,5174,933,3462,808,93,4074,250,-9630
92792,4547,4930,92,-24,5065,936,3232,811,91,4127,250,2377
93091,4525,4987,91,-66,4992,940,3461,820,94,4162,249,-6469
93436,4514,5033,91,1,4897,943,3419,818,92,4206,249,-515
93740,4508,5074,91,66,4826,946,3857,823,95,4239,249,-17686
94083,4501,5112,91,154,4822,949,3673,826,93,4278,250,4388
94386,4495,5153,91,37,4742,952,3177,834,95,4298,249,-8374
94730,4493,5191,91,-145,4839,954,3321,834,93,4337,249,15947
95041,4485,5226,90,139,4767,957,3465,836,94,4357,249,-10393
95382,4476,5256,90,114,4739,960,3064,839,96,4386,249,-7822
95748,4470,5280,90,-83,4890,963,3885,845,97,4408,249,-237
96055,4454,5309,90,159,4762,966,3146,860,99,4428,249,-466
96389,4446,5330,90,-252,4807,969,3303,865,97,4448,249,-11504
96691,4434,5352,89,243,4695,971,3121,857,99,4461,248,15663
97030,4416,5369,89,-137,4734,974,3045,858,100,4478,248,11487
97332,4400,5385,89,90,4610,977,3080,848,98,4497,248,-5579
97670,4384,5408,88,-225,4770,979,3582,855,96,4513,247,-10645
97980,4356,5426,88,-246,4691,982,2956,867,99,4518,247,-14908
98246,4455,5213,90,32,4784,984,3890,806,92,4169,247,-5243
98601,4613,4704,93,16,5331,986,4088,770,89,3820,246,-16221
98960,4771,4274,96,6,5987,990,4310,706,80,3404,246,-8887
99265,4620,3831,93,38,6255,992,4694,645,72,3105,246,-4223
99604,4332,3456,87,3,6260,993,4457,588,67,2731,245,-3713
99901,3968,3033,80,70,6242,995,4281,537,60,2436,245,12290
100249,3637,2690,73,-23,6168,998,4532,482,55,2146,245,-14637
100548,3379,2422,68,103,6230,1000,4398,446,50,1968,244,4778
100892,3239,2272,65,18,6221,1002,4407,435,50,1887,244,-10117
101191,3181,2218,64,-57,6171,1003,4499,430,49,1860,244,16000
101539,3172,2206,64,-208,6103,1006,4260,426,49,1823,243,-4675
101841,3207,2276,65,-7,6188,1009,4534,443,50,1931,243,15064
102180,3349,2450,68,-5,6127,1011,4219,472,54,2075,244,-2869
102567,3427,2534,69,20,6117,1013,4340,460,52,2032,243,13613
102873,3385,2473,68,11,6167,1014,4372,475,54,2091,243,-12243
103220,3511,2637,71,-12,6157,1016,4592,498,56,2227,243,-1772
103590,3655,2782,74,20,6223,1018,4284,527,61,2361,244,-11591
103894,3795,2929,77,137,6253,1020,4544,544,63,2471,243,4878
104238,3920,3065,79,26,6177,1021,4414,569,65,2596,244,13878
104547,4044,3204,82,-88,6063,1024,4373,586,66,2701,244,14591
104906,4188,3358,84,87,6183,1026,4114,609,70,2829,244,-12490
105283,4304,3489,87,79,6173,1028,4424,636,72,2950,244,-3402
105592,4407,3624,89,-270,6313,1030,4527,646,74,3041,245,-469
105938,4490,3734,91,219,6189,1032,4405,671,77,3153,245,-9047
106246,4559,3811,92,97,6226,1034,4356,674,77,3145,245,16968
106592,4476,3669,90,-372,6235,1036,4675,642,75,3035,245,-3316
106892,4453,3664,90,345,6282,1039,4465,658,76,3048,246,-16812
107244,4434,3628,89,-10,6253,1042,4441,658,75,3036,246,14180
107618,4463,3670,90,450,6280,1044,4515,653,74,3105,246,16934
107920,4532,3776,91,-88,6327,1046,4252,671,75,3166,246,-9844
108265,4589,3849,93,66,6346,1047,4860,675,77,3231,247,-14776
108564,4574,3801,92,174,6208,1050,4489,668,75,3153,247,-14995
108902,4581,3836,92,-102,6303,1052,4304,663,74,3161,247,-414
109188,4492,3682,91,57,6150,1054,4703,642,73,3063,248,-5166
109533,4513,3756,91,-196,6371,1057,4397,673,76,3149,248,-13653
109839,4586,3856,93,-110,6243,1059,4527,683,76,3237,248,-838
110183,4675,3969,94,-23,6260,1061,4284,707,81,3342,248,9744
110486,4771,4083,96,34,6272,1063,4662,719,82,3426,248,4197
110834,4825,4191,97,5,6180,1066,4220,731,83,3529,249,-7747
111145,4786,4301,97,154,6193,1068,4494,739,86,3603,249,-1304
111489,4746,4406,96,52,5765,1071,3962,754,85,3690,250,5193
111860,4714,4497,95,-114,5707,1073,3977,768,88,3775,250,-6102
112166,4680,4577,94,51,5693,1075,3846,758,85,3791,250,-17258
112519,4795,4220,97,-14,6059,1079,4161,705,80,3350,250,-14511
112816,4555,3749,92,-34,6280,1081,4795,647,72,3026,250,-10218
113156,4255,3364,86,-57,6269,1083,4542,575,63,2669,251,-6136
113461,3901,2966,79,10,6252,1085,4530,523,59,2384,251,-102
113809,3589,2637,72,-18,6218,1087,4313,477,54,2111,251,17595
114111,3383,2442,68,-98,6160,1089,4420,450,52,1991,251,-9409
114453,3213,2223,65,47,5913,1090,4003,410,47,1783,251,4949
114761,3089,2100,62,-63,5608,1093,3866,401,45,1736,252,-5991
115105,3024,2033,61,30,5453,1095,3737,388,44,1678,252,11506
115476,3006,2015,61,-18,5387,1097,3736,392,45,1699,252,-7158
115777,3087,2138,62,-3,5464,1099,3911,420,48,1811,252,-4605
116117,3205,2286,65,0,5702,1101,4098,443,50,1954,252,-17184
116410,3337,2444,67,25,5927,1103,4170,468,54,2066,252,10279
116750,3460,2581,70,-28,6055,1105,4052,496,57,2202,252,14441
117049,3600,2732,73,-28,6147,1107,4518,511,57,2306,253,-9821
117387,3729,2863,75,-35,6167,1109,4378,537,60,2436,252,-10010
117687,3662,2750,74,-72,6135,1112,4327,490,55,2194,253,-14672
118035,3372,2416,68,-40,5893,1113,4068,437,50,1928,253,-3563
118338,3143,2152,63,-42,5462,1116,3692,398,45,1736,253,-7967
118686,2977,1928,60,-1,5110,1118,3574,365,41,1577,253,-9159
118990,2960,1900,60,-26,5056,1119,3574,371,42,1597,253,9382
119331,2948,1868,59,0,5018,1122,3588,360,41,1552,254,-9125
119701,2941,1838,59,52,4971,1124,3482,358,40,1536,254,-3784
119992,2964,1929,60,27,5005,1126,3487,378,44,1646,254,16714
120350,3045,2090,61,-17,5080,1128,3656,407,46,1779,254,16306
120659,3104,2151,63,9,5171,1130,3619,417,47,1823,254,-241
121007,3213,2299,65,-34,5291,1132,3728,445,50,1972,254,-15260
121319,3359,2466,68,-16,5576,1134,4104,469,53,2086,254,-6716
121671,3485,2608,70,-12,5733,1136,4233,496,56,2225,254,-2631
121980,3630,2762,73,-61,5896,1138,4549,516,59,2333,254,11201
122321,3759,2896,76,-67,6065,1140,4487,545,63,2460,253,-17429
122624,3898,3042,79,-24,6149,1142,4410,562,64,2565,254,9798
122979,4034,3192,81,91,6153,1145,4236,585,68,2691,254,13208
123353,4154,3328,84,-24,6136,1147,4219,606,69,2820,254,15474
123670,4282,3467,86,70,6204,1149,4438,620,71,2917,254,17537
124021,4385,3586,88,92,6187,1151,4507,637,74,3037,254,17165
124326,4481,3716,90,109,6122,1153,4443,671,78,3123,254,8027
124681,4584,3861,93,-120,6288,1155,4477,682,79,3241,253,-8173
124977,4662,3956,94,-22,6243,1157,4429,697,80,3317,254,17475
125309,4764,4076,96,-49,6277,1159,4150,721,82,3422,253,-17678
125615,4821,4177,97,-103,6286,1161,4536,726,82,3514,254,15469
125963,4796,4283,97,-205,6160,1163,4242,752,85,3594,254,-35
126314,4759,4381,96,112,5876,1166,4104,772,87,3675,254,7661
126608,4720,4468,95,32,5693,1168,4415,755,85,3743,254,-1807
126949,4691,4554,95,-9,5767,1169,4025,775,89,3819,255,17741
127257,4659,4631,94,56,5445,1172,3736,780,88,3874,255,6030
127609,4635,4705,94,88,5450,1173,3699,791,91,3943,255,17222
127914,4612,4772,93,46,5338,1176,3656,794,91,3992,255,-13690
128271,4585,4838,93,-35,5209,1178,3914,806,92,4049,255,-13247
128573,4559,4895,92,220,5217,1180,3828,799,90,4094,255,2503
128926,4538,4949,92,36,5061,1183,3287,809,91,4143,255,-6693
129232,4518,5003,91,-129,5011,1185,3372,820,93,4179,255,-15419
129583,4517,5049,91,46,4871,1187,3821,823,94,4218,255,4580
129880,4503,5092,91,-58,4823,1189,3232,823,94,4250,255,7115
130230,4502,5132,91,16,4815,1191,3756,827,92,4289,256,-3333
130533,4494,5167,91,-90,4775,1193,3625,824,93,4313,256,-6938
130888,4493,5205,91,-7,4808,1196,3682,835,95,4343,256,13953
131179,4488,5237,91,95,4857,1197,3211,839,95,4366,256,16102
131531,4472,5266,90,-45,4798,1200,3737,845,94,4396,256,-8851
131844,4465,5293,90,1,4789,1201,3245,839,94,4414,255,4436
132201,4450,5316,90,177,4797,1204,3703,859,99,4435,256,12522
132583,4438,5346,90,80,4776,1206,3205,846,99,4459,255,2741
132897,4421,5367,89,-263,4794,1208,3483,859,96,4474,255,12068
133240,4405,5379,89,-127,4759,1210,3622,847,97,4490,255,14277
133533,4390,5398,89,-307,4729,1211,3292,874,100,4501,255,15791
133867,4370,5419,88,-23,4585,1213,3121,875,100,4513,254,2933
134182,4343,5429,88,195,4544,1215,3176,853,96,4530,254,6618
134534,4313,5443,87,133,4505,1217,3543,852,97,4543,254,-6781
134827,4277,5455,86,-79,4713,1218,3294,876,100,4548,253,12036
135170,4237,5471,85,-402,4655,1219,3646,866,100,4557,253,8488
135475,4181,5477,84,253,4408,1221,2917,872,99,4564,253,-1385
135832,4107,5486,83,176,4310,1223,3405,871,100,4573,253,-152
136139,4049,5499,82,23,4386,1224,2960,871,97,4584,252,1308
136484,3942,5509,80,-376,4290,1226,3358,851,96,4593,252,-14551
136786,3915,5517,79,97,4132,1227,2665,875,100,4594,252,16828
137131,4433,5525,77,-296,4252,1229,2999,856,98,4604,251,-3853
137507,4705,5525,77,112,4017,1230,2753,855,97,4610,251,-3209
137814,4698,5533,76,11,4082,1231,3168,853,96,4613,251,17155
138163,4687,5541,75,-240,4050,1232,2626,879,100,4614,250,8266
138468,4676,5546,74,-238,4001,1233,2739,875,100,4617,250,8301
138802,4667,5549,73,-340,4071,1234,2244,878,100,4620,250,-9359
139097,4653,5550,73,-6,3882,1235,2616,879,100,4621,249,2737
139440,4649,5550,73,137,3729,1236,3082,867,99,4626,249,4928
139734,4636,5556,72,-28,3921,1237,2495,876,100,4627,249,-7572
140083,4626,5559,72,-90,3844,1238,2538,870,100,4629,248,12766
140489,4618,5561,71,-201,3908,1240,2770,875,100,4629,248,-13952
140797,4616,5563,71,-39,3752,1241,2595,861,98,4636,247,-8670
141153,4604,5562,71,194,3616,1242,2788,867,99,4636,247,14923
141535,4600,5565,71,-258,3829,1242,2587,876,100,4635,247,-7239
141850,4597,5564,71,249,3598,1244,2586,858,97,4642,246,-17305
142176,4592,5568,70,74,3592,1245,2602,862,97,4643,246,5573
142475,4588,5573,70,-215,3784,1245,2502,878,100,4638,246,-13666
142816,4587,5569,70,36,3714,1246,2970,868,98,4578,245,-9166
143122,4471,5204,90,-134,4832,1247,3395,813,91,4245,245,-876
143459,4615,4730,93,-57,5233,1247,4150,766,88,3762,244,-7027
143768,4795,4211,97,37,5957,1249,4247,706,80,3396,244,4899
144108,4553,3749,92,-290,5758,1248,4091,619,70,2941,244,-14751
144417,4291,3412,87,-6,5338,1249,3883,603,69,2842,243,11488
144765,4276,3420,86,-187,5344,1249,3600,601,68,2848,243,-8395
145067,4273,3423,86,-135,5350,1249,3757,604,69,2849,243,13747
145415,4274,3427,86,43,5337,1250,3666,599,67,2856,243,590
145716,4274,3424,86,91,5303,1250,3738,601,69,2855,243,3692
146058,4272,3429,86,-32,5340,1250,3828,605,69,2854,242,-4607
146424,4272,3433,86,9,5350,1251,3759,599,68,2860,243,-6398
146733,4270,3431,86,85,5349,1251,4008,602,67,2857,242,-6742
147088,4271,3432,86,-147,5308,1251,3813,603,68,2858,242,-12872
147391,4271,3432,86,85,5327,1251,3894,599,67,2860,242,4834
147738,4267,3430,86,-21,5347,1251,3798,605,70,2855,243,-2605
148045,4271,3430,86,11,5318,1252,3774,598,68,2857,243,16121
148397,4271,3426,86,41,5267,1253,3902,603,69,2855,243,14831
148699,4272,3433,86,-1,5306,1253,3801,597,68,2860,243,-13319
149048,4275,3428,86,65,5298,1253,3644,603,68,2855,243,7976
149371,4269,3433,86,-49,5253,1253,3589,603,68,2857,244,-1804
149752,4271,3429,86,-15,5247,1254,3755,605,69,2855,244,1814
150123,4272,3431,86,23,5268,1255,3765,601,68,2858,244,-724
150491,4272,3426,86,-24,5215,1255,3560,603,69,2856,244,16327
150785,4271,3431,86,115,5253,1256,3888,601,68,2858,245,-6760
151124,4269,3432,86,57,5270,1256,3767,603,68,2857,245,15222
151418,4271,3432,86,-124,5259,1256,3827,597,68,2858,245,-17577
151695,4272,3430,86,16,5227,1257,3724,603,68,2855,245,-15089
152036,4321,3499,87,18,5303,1257,3717,613,70,2942,246,11251
152339,4340,3516,88,-119,5328,1258,3702,593,67,2826,246,-8071
152682,3946,3013,80,-19,4889,1258,3313,510,58,2406,246,-9920
153052,3540,2584,71,22,4357,1258,2954,429,48,2001,247,17348
153357,3316,2357,67,20,4044,1259,2782,427,48,1966,247,1009
153709,3307,2367,67,-18,4044,1259,2874,427,48,1973,247,-16916
154017,3308,2370,67,24,4031,1259,2853,429,48,1977,247,332
154367,3301,2374,67,-27,4020,1260,2776,430,49,1978,248,8693
154665,3305,2375,67,3,4004,1260,2776,428,49,1978,248,-12217
155014,3306,2376,67,11,3990,1260,2770,437,50,2009,248,-48
155309,3403,2505,69,41,4099,1261,2992,456,53,2120,248,8060
155656,3530,2651,71,8,4254,1261,3032,483,55,2259,248,10907
155966,3669,2806,74,-7,4446,1261,3194,503,57,2369,249,-6176
156323,3829,2967,77,-11,4607,1261,3261,532,60,2504,249,16454
156627,3942,3090,80,37,4753,1262,3493,551,62,2604,249,-8328
156965,4074,3238,82,-25,4879,1262,3480,574,65,2731,249,-4859
157331,4193,3368,85,-74,5000,1263,3796,599,68,2854,249,8163
157635,4315,3498,87,1,5159,1263,3513,622,70,2944,249,13159
157992,4408,3628,89,-205,5270,1264,3895,632,73,3065,249,909
158302,4504,3753,91,38,5366,1265,3918,658,75,3153,248,-15610
158641,4593,3866,93,11,5532,1265,3665,681,79,3261,248,16724
158963,4687,3991,95,-33,5604,1266,4064,692,80,3350,249,12111
159301,4777,4099,96,22,5731,1266,3980,718,82,3449,249,12153
159600,4820,4210,97,-98,5732,1266,4194,729,83,3532,249,-12064
159947,4788,4312,97,-71,5648,1267,3736,747,87,3622,249,-8830
160249,4753,4404,96,102,5634,1267,4105,752,87,3690,250,-2156
160598,4715,4495,95,-101,5630,1268,4124,768,88,3772,249,13220
160904,4682,4577,94,-28,5501,1269,4168,768,87,3835,250,-16784
161272,4654,4660,94,0,5519,1270,3972,778,87,3905,249,-11633
161574,4628,4729,93,92,5307,1270,3415,788,90,3954,250,-3166
161916,4599,4792,93,-11,5292,1270,3695,792,88,4015,250,-12360
162219,812,4676,66,26,4073,1270,2040,745,85,3809,250,-17442
162564,29,4261,0,-26,14,1271,69,603,68,3482,250,-16923
162945,7,3949,0,32,5,1271,139,552,62,3179,250,5461
163256,5,3618,0,-16,-5,1272,42,514,58,2943,251,-12896
163599,5,3316,0,14,-6,1272,60,463,52,2660,251,-15615
163901,3,2985,0,-13,3,1273,76,422,47,2412,251,-17028
164252,4,2670,0,18,2,1273,35,370,42,2111,251,1685
164556,5,2328,0,-8,-2,1274,8,328,37,1866,251,16433
164952,4,1933,0,8,5,1274,21,270,30,1539,251,-15855
165313,5,1607,0,-4,2,1274,21,217,24,1227,251,-16670
165621,7,1263,0,13,2,1274,34,175,19,983,251,11602
165969,6,952,0,-12,6,1274,22,121,13,680,251,-5414
166272,4,612,0,7,5,1274,39,76,8,439,250,-3072
166630,3,290,0,-5,1,1274,13,18,2,131,250,789
166936,6,-11,0,1,-7,1275,8,2,0,-8,250,92
167281,4,-3,0,-1,-5,1274,35,1,0,0,249,-168
167654,5,0,0,10,-10,1274,16,2,0,0,248,-30
167940,8,0,0,-1,3,1274,6,2,0,0,248,91
168285,3,2,0,7,-9,1274,16,1,0,1,247,487
168585,6,0,0,5,-13,1274,23,2,0,0,247,586
168932,6,0,0,0,0,1273,0,0,0,0,246,758
169234,5,0,0,0,0,1273,0,0,0,0,246,744
169576,7,0,0,0,0,1273,0,0,0,0,245,763
169878,8,0,0,0,0,1272,0,0,0,0,245,783
170220,6,0,0,0,0,1271,0,0,0,0,244,776
170517,6,0,0,0,0,1271,0,0,0,0,243,794
170866,6,0,0,0,0,1270,0,0,0,0,243,988
171171,6,0,0,0,0,1270,0,0,0,0,242,1017
171515,4,0,0,0,0,1269,0,0,0,0,242,1164
171881,7,0,0,0,0,1268,0,0,0,0,241,1352
172196,4,0,0,0,0,1268,0,0,0,0,241,1463
172540,6,0,0,0,0,1266,0,0,0,0,240,1451
172842,8,0,0,0,0,1266,0,0,0,0,240,1437
173192,6,0,0,0,0,1265,0,0,0,0,239,1446
173500,4,0,0,0,0,1264,0,0,0,0,238,1427
173859,4,0,0,0,0,1264,0,0,0,0,238,1436
174164,5,0,0,0,0,1262,0,0,0,0,237,1440
174502,4,0,0,0,0,1261,0,0,0,0,237,1456
174879,5,0,0,0,0,1261,0,0,0,0,236,1423
175170,6,0,0,0,0,1260,0,0,0,0,236,1452
175516,10,0,0,0,0,1259,0,0,0,0,235,1445
175831,6,0,0,0,0,1258,0,0,0,0,235,1438
176177,4,0,0,0,0,1257,0,0,0,0,234,1436
176490,5,0,0,0,0,1256,0,0,0,0,234,1449
176802,5,0,0,0,0,1255,0,0,0,0,233,1469
177102,5,0,0,0,0,1254,0,0,0,0,233,1441
177441,5,0,0,0,0,1253,0,0,0,0,232,1457
177740,5,0,0,0,0,1252,0,0,0,0,232,1457
178070,3,0,0,0,0,1251,0,0,0,0,231,1443
178369,7,0,0,0,0,1250,0,0,0,0,231,1440
178725,5,0,0,0,0,1249,0,0,0,0,231,1435
179021,6,0,0,0,0,1248,0,0,0,0,230,1408
179367,6,0,0,0,0,1246,0,0,0,0,230,1429
179678,7,0,0,0,0,1245,0,0,0,0,230,1397
180030,6,0,0,0,0,1243,0,0,0,0,229,1445
