RPM,V_0_5,V_1,V_1_5,V_2,V_2_5,V_3,V_3_5,V_4,V_4_5,V_4_94
500,16.3961862288476,35.6908365408091,54.1082766873367,71.6320134087336,88.6894813502752,104.870511907096,120.048750943968,134.45448786756,147.844544548359,157.879710861271
1000,15.8404418004939,35.2442274582357,53.6670617042696,71.4161636015312,88.5692984303377,104.557315270001,119.766058858864,133.83543111183,147.123884385918,156.511233228909
1500,15.4466095569948,34.6936621142952,53.0157265204059,70.623190882156,87.7557781810069,103.825559961489,118.942856754748,133.103731901555,146.102321526654,154.1631895179
2000,14.3758037642905,32.8264915059655,50.3665996579451,67.0956371587615,83.5192097633373,98.9787722433264,113.542085703496,127.273210748285,140.173427551714,149.43322661086
2500,11.8296218809554,28.1193578491652,43.5830072224234,58.5935545105704,73.2624093523874,87.3927520733631,100.900051054003,113.49772465212,125.530802328252,133.821544410058
3000,9.85019085746063,24.2021104214477,37.9241442799903,51.1751483666912,64.4114976019579,76.9932758927013,89.4543494083032,101.197153252542,112.41239769644,121.028404827481
3500,8.19876089730976,21.0698009334446,33.3775231892368,45.4504858161919,57.411512266439,69.0262292162703,80.5039202354237,91.5155228770744,102.139312280798,111.006774172478
4000,6.85518013227783,18.7740692306244,30.1747915040323,41.3751006843594,52.4549315753168,63.3097718809001,74.0698527917905,84.3863175596912,94.6542101234991,103.084381649266
4500,5.93110534104834,16.7656533007304,27.1366439086287,37.394854081254,47.6945652641067,57.7513625284196,67.8182043244635,77.5452188841241,87.103430087373,95.1936321249285
5000,5.1827686734577,14.903037998781,24.2879935832516,33.6176083253552,42.9590784774145,52.0731794807992,61.2258594234795,70.0064903006106,78.7478903154441,86.2825948551695
5500,5.38008116419997,14.6974026343827,23.8427051014388,32.9755327218559,42.1264376778587,51.0657932506985,59.9133887901619,67.9693027878095,68.6672596227193,68.6014462106652
